image_filename,image_path,image_index,split,object_a_index,object_b_index,object_a_desc,object_b_desc,label,caption_a_front,caption_b_front,a_front_score,b_front_score,abs_front_gap,gap_bucket,a_pixel_x,a_pixel_y,a_pixel_z,b_pixel_x,b_pixel_y,b_pixel_z,a_3d_x,a_3d_y,a_3d_z,b_3d_x,b_3d_y,b_3d_z,a_size,b_size,a_color,b_color,a_material,b_material,a_shape,b_shape,clip_score_a_front,clip_score_b_front,clip_pred,clip_correct
CLEVR_val_000222.png,external/CLEVR_v1.0/images/val/CLEVR_val_000222.png,222,val,6,8,small blue rubber sphere,large blue rubber sphere,a_front,a 3D rendered scene where the small blue rubber sphere is in front of the large blue rubber sphere,a 3D rendered scene where the large blue rubber sphere is in front of the small blue rubber sphere,-0.3465746562245613,-3.8192198436660334,3.472645187441472,large,56,140,11.137173652648926,251,72,14.141190528869627,-2.8211774826049805,-2.715139150619507,0.3499999940395355,-2.6374881267547607,2.787184476852417,0.699999988079071,small,large,blue,blue,rubber,rubber,sphere,sphere,33.24228286743164,32.97886657714844,a_front,True
CLEVR_val_000104.png,external/CLEVR_v1.0/images/val/CLEVR_val_000104.png,104,val,0,2,large yellow metal cube,large cyan rubber sphere,b_front,a 3D rendered scene where the large yellow metal cube is in front of the large cyan rubber sphere,a 3D rendered scene where the large cyan rubber sphere is in front of the large yellow metal cube,-1.2689891168042615,0.0159105068177254,1.2848996236219872,medium,311,107,12.486226081848145,124,134,11.233036041259766,0.1753668487071991,2.135117530822754,0.699999988079071,-1.6184905767440796,-1.8848464488983152,0.699999988079071,large,large,yellow,cyan,metal,rubber,cube,sphere,31.534587860107422,31.742063522338867,b_front,True
CLEVR_val_000001.png,external/CLEVR_v1.0/images/val/CLEVR_val_000001.png,1,val,1,8,large blue rubber cylinder,small green metal cylinder,b_front,a 3D rendered scene where the large blue rubber cylinder is in front of the small green metal cylinder,a 3D rendered scene where the small green metal cylinder is in front of the large blue rubber cylinder,0.0917237060263005,1.2939916480710405,1.20226794204474,medium,419,128,11.159161567687988,133,180,9.97195529937744,2.56838321685791,2.8128368854522705,0.699999988079071,-0.4053439795970917,-2.4375929832458496,0.3499999940395355,large,small,blue,green,rubber,metal,cylinder,cylinder,32.69581985473633,31.948396682739258,a_front,False
CLEVR_val_000175.png,external/CLEVR_v1.0/images/val/CLEVR_val_000175.png,175,val,0,1,large purple rubber cube,large cyan rubber cube,b_front,a 3D rendered scene where the large purple rubber cube is in front of the large cyan rubber cube,a 3D rendered scene where the large cyan rubber cube is in front of the large purple rubber cube,-2.417914747510096,-0.6709232811817003,1.746991466328396,medium,221,92,13.55037784576416,137,118,12.03626537322998,-2.182973146438598,1.1745686531066897,0.699999988079071,-2.070307731628418,-1.3577457666397097,0.699999988079071,large,large,purple,cyan,rubber,rubber,cube,cube,33.34022521972656,33.271766662597656,a_front,False
CLEVR_val_000001.png,external/CLEVR_v1.0/images/val/CLEVR_val_000001.png,1,val,6,8,small cyan rubber cylinder,small green metal cylinder,a_front,a 3D rendered scene where the small cyan rubber cylinder is in front of the small green metal cylinder,a 3D rendered scene where the small green metal cylinder is in front of the small cyan rubber cylinder,3.0166608960189194,1.2939916480710405,1.722669247947879,medium,286,229,8.604046821594238,133,180,9.97195529937744,2.6561522483825684,-1.5428955554962158,0.3499999940395355,-0.4053439795970917,-2.4375929832458496,0.3499999940395355,small,small,cyan,green,rubber,metal,cylinder,cylinder,33.804298400878906,33.034297943115234,a_front,True
CLEVR_val_000152.png,external/CLEVR_v1.0/images/val/CLEVR_val_000152.png,152,val,7,8,small purple rubber cylinder,large red metal cylinder,a_front,a 3D rendered scene where the small purple rubber cylinder is in front of the large red metal cylinder,a 3D rendered scene where the large red metal cylinder is in front of the small purple rubber cylinder,2.7832835327895182,0.211887287151228,2.57139624563829,large,232,220,8.52172565460205,394,133,10.713696479797363,1.963516116142273,-1.9835551977157593,0.3499999940395355,2.221318244934082,2.230764389038086,0.699999988079071,small,large,purple,red,rubber,metal,cylinder,cylinder,29.352174758911133,28.138002395629883,a_front,True
CLEVR_val_000095.png,external/CLEVR_v1.0/images/val/CLEVR_val_000095.png,95,val,0,4,small gray rubber cylinder,small yellow rubber cube,b_front,a 3D rendered scene where the small gray rubber cylinder is in front of the small yellow rubber cube,a 3D rendered scene where the small yellow rubber cube is in front of the small gray rubber cylinder,-2.299670437935667,0.4542952310264425,2.7539656689621097,large,227,103,13.211265563964844,351,154,10.921133041381836,-1.8862911462783811,1.335466980934143,0.3499999940395355,1.8413270711898804,1.424580454826355,0.3499999940395355,small,small,gray,yellow,rubber,rubber,cylinder,cube,33.61701202392578,32.92649459838867,a_front,False
CLEVR_val_000196.png,external/CLEVR_v1.0/images/val/CLEVR_val_000196.png,196,val,1,9,small yellow rubber sphere,small yellow metal cube,a_front,a 3D rendered scene where the small yellow rubber sphere is in front of the small yellow metal cube,a 3D rendered scene where the small yellow metal cube is in front of the small yellow rubber sphere,-1.4154450851916636,-1.9132433939675249,0.4977983087758613,small,201,115,12.118467330932615,169,106,12.565747261047363,-1.677242398262024,0.2285225689411163,0.3499999940395355,-2.5980730056762695,-0.0715781226754188,0.3499999940395355,small,small,yellow,yellow,rubber,metal,sphere,cube,33.63139343261719,33.820045471191406,b_front,False
CLEVR_val_000172.png,external/CLEVR_v1.0/images/val/CLEVR_val_000172.png,172,val,5,7,small brown metal cube,small gray metal cube,a_front,a 3D rendered scene where the small brown metal cube is in front of the small gray metal cube,a 3D rendered scene where the small gray metal cube is in front of the small brown metal cube,0.5999954934440019,-0.5994598841020462,1.199455377546048,medium,245,159,10.018024444580078,59,133,11.046805381774902,0.5162340998649597,-0.3207347989082336,0.3499999940395355,-2.953442335128784,-2.481876850128174,0.3499999940395355,small,small,brown,gray,metal,metal,cube,cube,30.079519271850586,30.123214721679688,b_front,False
CLEVR_val_000020.png,external/CLEVR_v1.0/images/val/CLEVR_val_000020.png,20,val,0,1,large gray metal cube,large blue rubber cube,b_front,a 3D rendered scene where the large gray metal cube is in front of the large blue rubber cube,a 3D rendered scene where the large blue rubber cube is in front of the large gray metal cube,1.7332929361604306,4.1394792946798304,2.4061863585194,large,137,168,9.409281730651855,196,254,7.211551666259766,0.1600167900323867,-2.457007646560669,0.699999988079071,2.8798727989196777,-2.996509790420532,0.699999988079071,large,large,gray,blue,metal,rubber,cube,cube,34.745113372802734,35.65570831298828,b_front,True
CLEVR_val_000217.png,external/CLEVR_v1.0/images/val/CLEVR_val_000217.png,217,val,0,7,large green rubber sphere,large brown rubber sphere,a_front,a 3D rendered scene where the large green rubber sphere is in front of the large brown rubber sphere,a 3D rendered scene where the large brown rubber sphere is in front of the large green rubber sphere,-0.2019734129231167,-3.2983380810796064,3.0963646681564896,large,372,127,11.5128755569458,255,77,14.166367530822754,1.7480870485305786,2.3173274993896484,0.699999988079071,-2.1783547401428223,2.521350145339966,0.699999988079071,large,large,green,brown,rubber,rubber,sphere,sphere,29.85978889465332,29.688831329345703,a_front,True
CLEVR_val_000105.png,external/CLEVR_v1.0/images/val/CLEVR_val_000105.png,105,val,1,2,large brown rubber cube,small yellow rubber cube,b_front,a 3D rendered scene where the large brown rubber cube is in front of the small yellow rubber cube,a 3D rendered scene where the small yellow rubber cube is in front of the large brown rubber cube,-0.6604086056608054,0.7536569685800742,1.4140655742408796,medium,173,118,11.294983863830566,399,159,10.392324447631836,-1.4192206859588623,-0.6252820491790771,0.699999988079071,2.6091158390045166,1.851096749305725,0.3499999940395355,large,small,brown,yellow,rubber,rubber,cube,cube,34.02764892578125,34.22768020629883,b_front,True
CLEVR_val_000102.png,external/CLEVR_v1.0/images/val/CLEVR_val_000102.png,102,val,1,4,large yellow metal sphere,small red rubber cube,b_front,a 3D rendered scene where the large yellow metal sphere is in front of the small red rubber cube,a 3D rendered scene where the small red rubber cube is in front of the large yellow metal sphere,-2.484466956601566,-1.203349464521386,1.281117492080179,medium,233,86,12.4924898147583,305,121,11.505555152893066,-1.9975392818450928,1.4891453981399536,0.699999988079071,0.015962928533554,1.8518550395965576,0.3499999940395355,large,small,yellow,red,metal,rubber,sphere,cube,33.2279052734375,33.900047302246094,b_front,True
CLEVR_val_000071.png,external/CLEVR_v1.0/images/val/CLEVR_val_000071.png,71,val,5,7,small gray metal cylinder,small purple rubber cylinder,a_front,a 3D rendered scene where the small gray metal cylinder is in front of the small purple rubber cylinder,a 3D rendered scene where the small purple rubber cylinder is in front of the small gray metal cylinder,-1.6136285656204628,-2.483954394374841,0.8703258287543783,medium,295,114,12.129406929016112,313,100,12.883869171142578,-0.4112154841423034,1.9859029054641724,0.3499999940395355,-0.7471619844436646,2.925788402557373,0.3499999940395355,small,small,gray,purple,metal,rubber,cylinder,cylinder,29.981109619140625,31.009193420410156,b_front,False
CLEVR_val_000227.png,external/CLEVR_v1.0/images/val/CLEVR_val_000227.png,227,val,2,6,large yellow rubber cube,small purple rubber cylinder,b_front,a 3D rendered scene where the large yellow rubber cube is in front of the small purple rubber cylinder,a 3D rendered scene where the small purple rubber cylinder is in front of the large yellow rubber cube,-2.9892285591122203,0.4872092159859633,3.4764377750981836,large,215,76,13.235946655273438,141,159,10.380837440490724,-2.6167099475860596,1.546440362930298,0.699999988079071,-0.9237529039382936,-1.804283857345581,0.3499999940395355,large,small,yellow,purple,rubber,rubber,cube,cylinder,31.472965240478516,32.188255310058594,b_front,True
CLEVR_val_000149.png,external/CLEVR_v1.0/images/val/CLEVR_val_000149.png,149,val,3,4,large purple metal sphere,large cyan rubber cube,b_front,a 3D rendered scene where the large purple metal sphere is in front of the large cyan rubber cube,a 3D rendered scene where the large cyan rubber cube is in front of the large purple metal sphere,-1.8782976407227068,-0.0079512992152777,1.870346341507429,large,209,96,12.909634590148926,224,131,11.27824878692627,-1.956002950668335,0.6132948994636536,0.699999988079071,-0.2323869615793228,-0.2550351023674011,0.699999988079071,large,large,purple,cyan,metal,rubber,sphere,cube,33.401432037353516,33.096168518066406,a_front,False
CLEVR_val_000066.png,external/CLEVR_v1.0/images/val/CLEVR_val_000066.png,66,val,4,6,small green rubber cylinder,large blue rubber cube,b_front,a 3D rendered scene where the small green rubber cylinder is in front of the large blue rubber cube,a 3D rendered scene where the large blue rubber cube is in front of the small green rubber cylinder,-1.7483476779306102,0.0934585733091779,1.841806251239788,large,232,115,12.80575180053711,429,135,10.877239227294922,-1.4794113636016846,0.9631803631782532,0.3499999940395355,2.638476610183716,2.8907723426818848,0.699999988079071,small,large,green,blue,rubber,rubber,cylinder,cube,33.301918029785156,32.85992431640625,a_front,False
CLEVR_val_000282.png,external/CLEVR_v1.0/images/val/CLEVR_val_000282.png,282,val,2,5,large purple metal sphere,small green metal sphere,a_front,a 3D rendered scene where the large purple metal sphere is in front of the small green metal sphere,a 3D rendered scene where the small green metal sphere is in front of the large purple metal sphere,-0.8621589643300496,-2.999682893855592,2.1375239295255426,large,143,112,11.540298461914062,211,95,13.547174453735352,-2.082550287246704,-1.0804401636123655,0.699999988079071,-2.8578341007232666,1.28517484664917,0.3499999940395355,large,small,purple,green,metal,metal,sphere,sphere,34.8066520690918,34.76540756225586,a_front,True
CLEVR_val_000196.png,external/CLEVR_v1.0/images/val/CLEVR_val_000196.png,196,val,3,6,large cyan rubber sphere,large red rubber cube,b_front,a 3D rendered scene where the large cyan rubber sphere is in front of the large red rubber cube,a 3D rendered scene where the large red rubber cube is in front of the large cyan rubber sphere,0.4222487429127532,2.049596098941059,1.6273473560283058,medium,286,141,10.31691074371338,318,187,8.904014587402344,0.9157405495643616,0.4093616008758545,0.699999988079071,2.44964599609375,-0.3068085610866546,0.699999988079071,large,large,cyan,red,rubber,rubber,sphere,cube,32.230003356933594,31.098159790039062,a_front,False
CLEVR_val_000101.png,external/CLEVR_v1.0/images/val/CLEVR_val_000101.png,101,val,1,3,small cyan metal cube,large cyan rubber cube,b_front,a 3D rendered scene where the small cyan metal cube is in front of the large cyan rubber cube,a 3D rendered scene where the large cyan rubber cube is in front of the small cyan metal cube,-0.1681908851240479,0.7817604125106925,0.9499512976347404,medium,282,142,11.462003707885742,354,146,10.469706535339355,0.4740355014801025,0.8012144565582275,0.3499999940395355,2.081953525543213,1.2022547721862793,0.699999988079071,small,large,cyan,cyan,metal,rubber,cube,cube,32.8730354309082,33.521907806396484,b_front,True
CLEVR_val_000191.png,external/CLEVR_v1.0/images/val/CLEVR_val_000191.png,191,val,3,9,small green metal cube,small red rubber cylinder,a_front,a 3D rendered scene where the small green metal cube is in front of the small red rubber cylinder,a 3D rendered scene where the small red rubber cylinder is in front of the small green metal cube,0.1578167676959196,-2.1358022128310026,2.2936189805269223,large,427,149,11.31588077545166,284,112,13.40135383605957,2.7690916061401367,2.94286584854126,0.3499999940395355,-0.8768879175186157,2.2461884021759033,0.3499999940395355,small,small,green,red,metal,rubber,cube,cylinder,33.579776763916016,33.74348449707031,b_front,False
CLEVR_val_000028.png,external/CLEVR_v1.0/images/val/CLEVR_val_000028.png,28,val,3,8,large brown rubber cube,small blue rubber cube,a_front,a 3D rendered scene where the large brown rubber cube is in front of the small blue rubber cube,a 3D rendered scene where the small blue rubber cube is in front of the large brown rubber cube,0.324089796395782,-3.450927737932915,3.775017534328697,large,323,136,10.87795352935791,218,94,14.395176887512209,1.370596408843994,1.0818219184875488,0.699999988079071,-2.957010269165039,1.858709692955017,0.3499999940395355,large,small,brown,blue,rubber,rubber,cube,cube,32.6170539855957,32.92619705200195,b_front,False
CLEVR_val_000130.png,external/CLEVR_v1.0/images/val/CLEVR_val_000130.png,130,val,3,5,large red rubber cylinder,small green rubber cylinder,a_front,a 3D rendered scene where the large red rubber cylinder is in front of the small green rubber cylinder,a 3D rendered scene where the small green rubber cylinder is in front of the large red rubber cylinder,0.2967950062847819,-1.1043631223380714,1.4011581286228534,medium,81,139,10.521870613098145,141,124,11.943243026733398,-1.875378131866455,-2.6081368923187256,0.699999988079071,-2.2938380241394043,-0.954296350479126,0.3499999940395355,large,small,red,green,rubber,rubber,cylinder,cylinder,28.09667205810547,28.864713668823242,b_front,False
CLEVR_val_000171.png,external/CLEVR_v1.0/images/val/CLEVR_val_000171.png,171,val,2,9,small brown rubber cylinder,small purple rubber sphere,a_front,a 3D rendered scene where the small brown rubber cylinder is in front of the small purple rubber sphere,a 3D rendered scene where the small purple rubber sphere is in front of the small brown rubber cylinder,2.3875378140353263,-2.0257807407328396,4.413318554768166,large,160,217,8.895696640014648,314,103,12.75875473022461,0.8623926639556885,-2.6464133262634277,0.3499999940395355,-0.3054926693439483,2.735423803329468,0.3499999940395355,small,small,brown,purple,rubber,rubber,cylinder,sphere,32.722042083740234,32.41678237915039,a_front,True
CLEVR_val_000181.png,external/CLEVR_v1.0/images/val/CLEVR_val_000181.png,181,val,1,3,small brown rubber sphere,small blue rubber sphere,a_front,a 3D rendered scene where the small brown rubber sphere is in front of the small blue rubber sphere,a 3D rendered scene where the small blue rubber sphere is in front of the small brown rubber sphere,-0.4390787965415867,-1.2121309601605432,0.7730521636189565,medium,185,135,11.529293060302734,324,125,12.02416706085205,-1.150626540184021,-0.6537413001060486,0.3499999940395355,0.291767954826355,2.182298421859741,0.3499999940395355,small,small,brown,blue,rubber,rubber,sphere,sphere,30.384387969970703,30.43191146850586,b_front,False
